# id	phase	check command (exit 0 = done; exit 2 = check itself not built yet)	done-when, in one line
P1.0	1	test -x checks/wasm-run.sh && WASM_RUN=checks/wasm-run.sh checks/oracle.sh corpus/scalar/ref.lg	driver+runner exist; the probe's ref.lg MATCHes (corpus/scalar/ref.lg: same program minus (time ...), whose elapsed-ms output cannot match)
P1.1	1	checks/run-corpus.sh corpus/scalar corpus/opmatrix corpus/typed	every scalar program and the generated op matrix (gen-opmatrix.lg: 23 builtin ops × edge values incl. MinInt64, -1, 0, MaxInt64, typed and boxed; the div-*.lg programs are excluded until Phase 2 per D15) MATCH
P1.2	1	checks/run-corpus.sh corpus/control	corpus/control (16 programs: try/finally/throw/rethrow/permute/two-exit/uncaught shapes) MATCH; let-go's thrown_test.lg and special_forms_test.lg need the test harness and move to P2.3's run-tests.sh
P1.3	1	checks/run-corpus.sh corpus/closure	corpus/closure/*.lg MATCH (counter, compose, per-iteration capture, mutual recursion, named fn, deep recursion)
P1.4	1	checks/refuse.sh corpus/refused	each program in corpus/refused (uses :dot or in-fn def) fails with the documented "unsupported op" error, nothing else
P1.5	1	checks/census.sh xsofy legmacs	the 2a census rerun through the backend reports 0 unknown-op errors on both corpora (fallbacks may remain until P1.6)
P1.6	1	checks/census.sh --fallbacks xsofy legmacs	census reports 0 `:goto` nodes AND 0 unsupported tree nodes (`:switch` included) on both corpora; row-col-of and fov/reveal-line MATCH (D32)
P1.GATE	1	checks/gate.sh 1	P1.1–P1.6 exit 0 AND fib(32) under the backend is within 1.5× of ext/bench-all.sh's probe time on the same host, same run
P2.1	2	checks/run-corpus.sh corpus/intrinsics --both	intrinsic tests MATCH under (a) native lg with the reference impl and (b) the backend
P2.2	2	checks/hash-parity.sh	every row of corpus/hash/vectors.tsv (201 rows from vm.HashValue via corpus/hash/gen.go) reproduces through checks/wasm-hash.sh <edn> <kind>; 0 misses
P2.3	2	checks/run-tests.sh corpus/core-tests.txt --filter vector,transient,subvec	the matching files in core-tests.txt pass under the backend
P2.4	2	checks/map-order.sh	map_order_test.lg passes AND iteration order of 10k random keys (ints, keywords, strings, mixed; sizes 1–9 and 1000+) MATCHes native lg
P2.5	2	checks/run-corpus.sh corpus/seqs	benchmark/reduce.clj, map-filter.clj, transducers.clj and persistent-map.clj MATCH (printing their result)
P2.6	2	checks/run-tests.sh corpus/core-tests.txt --filter string,subs,unicode	string tests pass; float formatting decision recorded in DECISIONS.md with a float-corpus table test passing
P2.7	2	checks/run-roundtrip.sh	all 20 let-go examples/ MATCH under the backend (the lgb-roundtrip relation with wasm as the artifact)
P2.9	2	checks/run-intrinsics-native.sh	all rt/wasm/*.lg load as ONE runtime under native lg with per-kind hooks, no vstub, seq.lg string-aware (D48); every *_test.lg still passes
P2.8	2	checks/native-twins.sh corpus/natives-shared.txt	report lists every reachable native without a wasm twin; for the 93 shared natives the list is empty
P2.GATE	2	checks/gate.sh 2	P2.1–P2.8 exit 0 AND ≥ 90% of the 273 deftests in core-tests.txt pass (checks/run-tests.sh prints pass/total)
P3.1	3	checks/native-twins.sh corpus/natives-xsofy.txt	twin report empty for xsofy's reachable natives (term/* excluded: Phase 4)
P3.2	3	checks/world-parity.sh 20	corpus/dump-world.lg output MATCHes for seeds 1..20 at 60 turns; module size printed
P3.GATE	3	checks/gate.sh 3	P3.1–P3.2 exit 0 (20/20 seeds byte-identical)
P4.1	4	checks/browser-boot.sh	emitted bundle boots under COI, reaches the title and the map screen (zz-boot-time-probe.mjs)
P4.2	4	checks/lane5.sh	zz-determinism-probe.mjs screen dump for the wasm lane is byte-identical to the stock-Go lane at seed 424242
P4.3	4	checks/size-boot.sh	table: bundle bytes (raw, brotli), time-to-title, time-to-map vs the TinyGo lane; recorded in STATUS.md
P4.GATE	4	checks/gate.sh 4	P4.1–P4.3 exit 0. THIS IS THE CAMPAIGN FINISH LINE; Phase 5 is a new decision, not a continuation
